{
  "dataset_rows": 284807,
  "load_time_seconds": 1.6093074850000448,
  "training_time_seconds": 3.815532342999859,
  "best_iteration": 265,
  "auc_roc": 0.9415757826766047,
  "accuracy": 0.9994733330992591,
  "f1_score": 0.845360824742268,
  "precision": 0.8541666666666666,
  "recall": 0.8367346938775511,
  "inference_latency_single_ms": 1.1677105700005086,
  "inference_time_1000_rows_seconds": 0.004039869000052931,
  "inference_throughput_rows_per_second": 247532.7789061719
}